year,canton,installations_count,installed_capacity_kw,remuneration_chf,installations_per_100000_inhabitants,installed_capacity_kw_per_100000_inhabitants
2014,AG,52,400.25,620373.5,8,62
2014,AI,12,80.78,124164.5,76,510
2014,AR,15,101.28,152294,28,187
2014,BE,107,733.49,1205752.5,11,73
2014,BL,29,184.5,317440.5,10,66
2014,BS,7,48.38,58880,4,25
2014,FR,13,70.12,119944,4,23
2014,GE,NA,NA,NA,NA,NA
2014,GL,NA,NA,NA,NA,NA
2014,GR,15,98.28,149419,8,50
2014,JU,NA,NA,NA,NA,NA
2014,LU,38,272.82,431420.5,10,69
2014,NE,10,47.23,81474.5,6,27
2014,NW,NA,NA,NA,NA,NA
2014,OW,NA,NA,NA,NA,NA
2014,SG,103,711.61,1032860.5,21,144
2014,SH,NA,NA,NA,NA,NA
2014,SO,28,197.08,306915,11,75
2014,SZ,13,89.41,150802.5,9,59
2014,TG,NA,NA,NA,NA,NA
2014,TI,27,169.02,255805.5,8,48
2014,UR,NA,NA,NA,NA,NA
2014,VD,28,152.35,234532.5,4,20
2014,VS,20,140.71,189642,6,42
2014,ZG,NA,NA,NA,NA,NA
2014,ZH,52,357.46,567663,4,25
2015,AG,752,7336.32,8079240.21,115,1122
2015,AI,78,896,1021502.7,488,5609
2015,AR,120,1100.87,1254470.6,220,2018
2015,BE,1657,15808.79,18307397.28,163,1554
2015,BL,413,3563.96,3895177.13,146,1258
2015,BS,38,326.88,348858.3,20,170
2015,FR,415,3634.66,4035991.6,135,1182
2015,GE,163,861.36,1134793.33,34,178
2015,GL,38,341.11,373505.2,95,852
2015,GR,203,1830.19,2129851.9,103,931
2015,JU,77,675.18,785092.5,106,928
2015,LU,609,7234.55,7803615.24,153,1814
2015,NE,219,1660.49,1900257.5,123,932
2015,NW,10,73.19,95104.5,24,173
2015,OW,20,212.33,249308,54,573
2015,SG,1034,9669.9,10594587.58,207,1938
2015,SH,65,630.67,646300.1,81,790
2015,SO,343,3050.16,3567268.67,129,1145
2015,SZ,141,1323.93,1527294.2,92,859
2015,TG,341,3869.33,3928301.7,128,1447
2015,TI,669,5850.1,6239205.1,190,1662
2015,UR,74,638.33,717394.8,206,1774
2015,VD,696,4774.99,5651117.5,90,617
2015,VS,398,2888.83,3416662.19,119,861
2015,ZG,63,836.91,934724.6,52,685
2015,ZH,764,7362.87,8201186.69,52,502
2016,AG,730,8796.18,7919610.26,110,1326
2016,AI,43,510.46,487086.5,269,3190
2016,AR,147,1474.81,1373261.13,267,2684
2016,BE,1403,16395.23,15397368.19,137,1597
2016,BL,387,3782.77,3378510.13,135,1324
2016,BS,42,348.55,345632.54,22,181
2016,FR,568,5888.31,5231535.9,182,1888
2016,GE,146,865.46,828468.9,30,177
2016,GL,47,512.68,448931.3,117,1277
2016,GR,236,2554.85,2266004.8,119,1293
2016,JU,99,1067.53,982577,135,1460
2016,LU,570,9450.89,7762259.9,141,2343
2016,NE,376,3330.88,3033214.25,211,1865
2016,NW,7,118.21,137261.5,16,278
2016,OW,43,478.5,437371.1,115,1280
2016,SG,1181,12703.22,11289964.6,235,2528
2016,SH,111,1324.44,1165199.6,137,1640
2016,SO,410,3601.89,3420105.8,152,1337
2016,SZ,137,1765.89,1613472.21,88,1133
2016,TG,482,6142.33,5280866.17,178,2269
2016,TI,709,6932.4,6038480.74,200,1956
2016,UR,38,335.1,320276.6,105,927
2016,VD,1138,8334.9,7899538.75,145,1062
2016,VS,510,4567.77,4315696.36,150,1347
2016,ZG,69,1056.81,849134.8,56,853
2016,ZH,772,8458.23,7693074.9,52,568
2017,AG,728,8790.23,6296860.29,108,1310
2017,AI,48,600.04,449400,298,3726
2017,AR,97,1095.12,800849.4,176,1985
2017,BE,1469,17534.8,13503088.99,142,1701
2017,BL,364,3644.58,2654323.74,127,1270
2017,BS,42,387.56,275914.8,22,200
2017,FR,810,8201.6,5625498.25,257,2603
2017,GE,160,1032.23,792313.4,32,208
2017,GL,25,283.79,222545.3,62,703
2017,GR,326,3839.21,2721705.11,165,1940
2017,JU,122,1323.09,953934.1,166,1805
2017,LU,586,8887.27,5848213.9,144,2186
2017,NE,410,3313.32,2411093.2,230,1862
2017,NW,30,432.69,378976,70,1007
2017,OW,45,592.45,399534.02,120,1577
2017,SG,992,11785.94,8316820.99,197,2335
2017,SH,160,1424.51,991739.2,197,1751
2017,SO,307,3183.32,2403550,113,1173
2017,SZ,145,2026.03,1516390.4,92,1288
2017,TG,611,7611.65,5097406.3,223,2780
2017,TI,682,6427.22,4380121.8,193,1817
2017,UR,37,329.72,224403,102,908
2017,VD,1613,11077.74,8703952.81,203,1397
2017,VS,584,5647.01,4262461.38,171,1654
2017,ZG,117,1917.66,1430317.13,93,1529
2017,ZH,939,10415.9,7268825.73,62,692
2018,AG,497,9422.42,8642850.87,73,1389
2018,AI,37,763.53,802750.8,229,4729
2018,AR,132,1966.93,2075456.6,239,3561
2018,BE,1462,31783.16,32891798.11,141,3071
2018,BL,572,11388.17,12117282.55,199,3952
2018,BS,142,2858.88,2854087.7,73,1468
2018,FR,399,8175.15,6611188.5,125,2565
2018,GE,168,2557.92,2568898.5,34,512
2018,GL,37,641.52,658181.4,92,1588
2018,GR,205,4216.15,3967181.13,103,2125
2018,JU,115,2580.74,2361838.1,157,3515
2018,LU,390,10728.63,9460965,95,2620
2018,NE,184,2841.06,2406718.18,104,1606
2018,NW,41,826.45,862566,95,1912
2018,OW,31,589.14,609779.9,82,1557
2018,SG,857,16559.87,16211498.65,169,3262
2018,SH,71,1733.12,1338641.2,87,2114
2018,SO,468,8385.2,9144332.2,171,3069
2018,SZ,134,3389.76,2920144.2,84,2130
2018,TG,192,4329.53,3236612.7,69,1566
2018,TI,361,5212.79,4635081.5,102,1475
2018,UR,25,474.45,480305.5,69,1302
2018,VD,793,11866.82,10170765.55,99,1485
2018,VS,402,8090.02,7519472.7,117,2352
2018,ZG,88,2641.52,2184658.2,69,2083
2018,ZH,676,13134.59,12064405.53,44,864
2019,AG,872,22898.69,14313010.6,127,3339
2019,AI,51,1006.58,622925.9,316,6241
2019,AR,129,2690.87,1758019.05,233,4853
2019,BE,1735,49758.79,35652626.99,167,4787
2019,BL,526,12521.17,9238568.58,182,4326
2019,BS,143,4295.18,2916566.48,73,2193
2019,FR,1153,30026.93,20041567.45,358,9331
2019,GE,481,10764.11,7551095.95,95,2135
2019,GL,38,780.34,511811.65,94,1922
2019,GR,377,7973.19,5653026.65,189,4006
2019,JU,270,7522.37,5259540.15,367,10223
2019,LU,727,26933.06,17285982.5,176,6519
2019,NE,458,7397.31,4913858.15,259,4191
2019,NW,50,918.7,654671.5,116,2132
2019,OW,39,942.31,570929.3,103,2484
2019,SG,948,29552.63,19513823.47,186,5786
2019,SH,118,2795.82,2078071.9,143,3395
2019,SO,420,14316.4,10203884.44,153,5201
2019,SZ,195,5180.58,3319109.2,122,3228
2019,TG,627,19396.56,11870274.18,224,6939
2019,TI,777,21565.12,14312130.55,221,6135
2019,UR,38,629.29,374148.5,104,1715
2019,VD,2303,42474.12,28392931.71,286,5276
2019,VS,877,21969.67,15114283.29,254,6358
2019,ZG,120,5721.05,3627556.2,94,4482
2019,ZH,1343,29008.79,19042926.22,87,1885
2020,AG,1390,42433.63,19107288.5,200,6114
2020,AI,88,1537.79,715086.15,540,9438
2020,AR,145,3416.62,1692604.8,262,6177
2020,BE,2414,69843.65,32534437.65,231,6696
2020,BL,611,13030.98,6898636.45,210,4478
2020,BS,176,6135.5,2955329.95,89,3119
2020,FR,1806,39795.07,20001632.7,555,12226
2020,GE,575,14062.04,6721101,114,2777
2020,GL,68,1792.63,751045.7,166,4388
2020,GR,496,11611.16,4919422.25,248,5803
2020,JU,426,13662.08,6662784.45,578,18535
2020,LU,1030,44346.52,17812600.6,247,10651
2020,NE,641,21320.3,9712555.6,364,12121
2020,NW,59,1477.54,622270.95,136,3395
2020,OW,118,3250.84,1362348.35,310,8531
2020,SG,1618,45792.91,20155896.75,314,8900
2020,SH,163,5260.57,2475818.95,196,6330
2020,SO,532,19253.9,9217205,192,6939
2020,SZ,321,11343.42,4727203.6,198,6995
2020,TG,963,29982.59,14511288.75,340,10598
2020,TI,1269,31975.82,15105175.95,362,9110
2020,UR,75,1038.35,485978.25,204,2820
2020,VD,3558,57372.91,28740231.25,437,7042
2020,VS,1205,27692.74,14005430.5,346,7946
2020,ZG,164,6792.07,3074972.9,127,5274
2020,ZH,1910,56854.82,25792302.6,123,3660
2021,AG,2125,48500.21,18597620.25,302,6900
2021,AI,91,2521.33,936632.45,556,15414
2021,AR,225,4085.36,1717971.1,405,7351
2021,BE,2997,62795.35,24963332.8,286,5997
2021,BL,870,15586.71,6245855.7,297,5325
2021,BS,195,4233.35,1666876.95,100,2161
2021,FR,2031,31628.99,12954011.45,616,9592
2021,GE,608,11889.91,4899389.1,119,2335
2021,GL,134,3078.48,1160773.75,325,7475
2021,GR,643,17214.77,6432230.55,319,8550
2021,JU,463,9495.05,3831401,628,12870
2021,LU,1358,42738.4,15788653.95,323,10170
2021,NE,796,12080.04,5211067,452,6859
2021,NW,91,2058.93,800714.2,207,4692
2021,OW,138,3494.32,1338669.5,359,9093
2021,SG,2054,49387.39,18929675.65,396,9513
2021,SH,252,6146.03,2549545.55,300,7318
2021,SO,735,15845.65,6082202.95,262,5656
2021,SZ,298,12487.12,4415384.1,182,7629
2021,TG,1413,33271.49,12532167.2,494,11636
2021,TI,1250,18301.59,7559945.1,355,5197
2021,UR,95,2139.65,801958.55,256,5777
2021,VD,3596,52707.07,22460655.6,437,6406
2021,VS,1421,21396.58,9142656.9,402,6060
2021,ZG,250,9323.94,3306255.9,193,7185
2021,ZH,2423,54500.55,21248427.65,155,3484
2022,AG,2357,64059.75,23484910.3,335,9114
2022,AI,117,3479.95,1247955.5,715,21275
2022,AR,297,6108.43,2349642.1,534,10991
2022,BE,3313,73734.7,28769296.75,316,7042
2022,BL,858,17106.89,6604512.4,293,5844
2022,BS,256,6062.65,2353038.9,131,3095
2022,FR,2252,34572.22,13913370.35,683,10485
2022,GE,1011,18471.61,8042332.35,199,3627
2022,GL,214,5498.35,1968326.85,520,13350
2022,GR,705,14539.49,5695020.6,350,7221
2022,JU,639,11327.62,4514818.8,866,15354
2022,LU,1478,39041.48,14596436.8,352,9290
2022,NE,814,14766.12,5780501.75,462,8384
2022,NW,78,4571.32,1499590.05,178,10417
2022,OW,128,2899.07,1104450.25,333,7544
2022,SG,2694,54772.78,21259945.6,519,10551
2022,SH,305,5607.96,2186780.1,363,6677
2022,SO,869,20043.99,7710346.65,310,7154
2022,SZ,438,10820.02,4142246.9,268,6611
2022,TG,1625,44557.02,16211339.9,568,15583
2022,TI,1625,27256.55,10567936.25,461,7740
2022,UR,108,2761.88,1008678.7,292,7456
2022,VD,3640,56242.48,22889668.5,442,6836
2022,VS,1603,28047.12,11075755.85,454,7943
2022,ZG,305,9409.02,3372685.6,235,7251
2022,ZH,2852,77071.98,28501107.85,182,4927
2023,AG,3509,99552.04,35343262.9,493,13997
2023,AI,172,3136.63,1258176.25,1048,19107
2023,AR,577,12015.56,4486666,1035,21549
2023,BE,5710,130234.7,48849816.26,543,12386
2023,BL,1349,27957.44,10338230.6,458,9496
2023,BS,257,5151.68,1951487.15,131,2618
2023,FR,2918,56594.76,20769453.75,872,16921
2023,GE,1271,18634,7273424.4,247,3624
2023,GL,258,5606.92,2028343.85,622,13520
2023,GR,1122,22570.12,8586824.4,554,11144
2023,JU,758,15204.93,5572336.05,1026,20585
2023,LU,2444,83906.84,29968865.25,575,19750
2023,NE,1075,18365.18,6859261.55,609,10401
2023,NW,122,3747.22,1385030.4,275,8436
2023,OW,204,5586.9,2024762.15,527,14436
2023,SG,3820,89308.71,32752970.6,726,16980
2023,SH,395,8568.13,3097150,464,10055
2023,SO,1406,38435.39,13685726.75,498,13610
2023,SZ,675,20464.51,7279499.95,409,12409
2023,TG,2606,63495.62,22994018.35,900,21921
2023,TI,3161,61265.28,22224715.95,893,17305
2023,UR,175,4946.11,1740173.95,469,13254
2023,VD,4792,75100.59,28259758.25,577,9044
2023,VS,2815,48165.28,18241326.95,788,13481
2023,ZG,417,13323.89,4786398.05,318,10158
2023,ZH,3971,95220.65,34967165.4,251,6027
