uid,municipality_bfs_id
CHE-100.023.846,261
CHE-100.107.609,5586
CHE-100.373.281,5890
CHE-100.518.639,261
CHE-100.619.312,6606
CHE-100.739.755,6136
CHE-100.837.990,6621
CHE-100.848.775,261
CHE-100.872.437,6621
CHE-100.904.652,1701
CHE-100.908.578,6621
CHE-100.912.410,2701
CHE-100.930.678,1701
CHE-100.938.148,5254
CHE-100.939.142,261
CHE-100.945.757,261
CHE-100.956.614,5192
CHE-100.981.285,5586
CHE-101.015.393,261
CHE-101.093.387,261
CHE-101.192.434,6621
CHE-101.194.321,4001
CHE-101.198.661,6621
CHE-101.210.581,5635
CHE-101.213.036,261
CHE-101.236.480,261
CHE-101.290.410,2701
CHE-101.291.131,4280
CHE-101.292.018,261
CHE-101.306.531,261
CHE-101.315.085,261
CHE-101.333.746,5724
CHE-101.358.083,6608
CHE-101.360.097,261
CHE-101.379.688,1061
CHE-101.390.939,2701
CHE-101.400.176,3203
CHE-101.412.647,1322
CHE-101.447.114,261
CHE-101.492.103,2939
CHE-101.500.085,261
CHE-101.503.037,1061
CHE-101.509.212,261
CHE-101.528.126,131
CHE-101.641.320,351
CHE-101.681.041,6621
CHE-101.685.932,1711
CHE-101.727.921,6621
CHE-101.729.653,6458
CHE-101.816.826,261
CHE-101.833.718,6621
CHE-102.028.412,1711
CHE-102.133.167,5590
CHE-102.142.137,6621
CHE-102.155.594,2701
CHE-102.160.721,1701
CHE-102.231.077,5606
CHE-102.245.636,5192
CHE-102.255.764,1061
CHE-102.282.318,261
CHE-102.289.177,2125
CHE-102.304.492,1061
CHE-102.306.321,351
CHE-102.316.874,6621
CHE-102.383.391,6628
CHE-102.383.586,5721
CHE-102.494.725,2701
CHE-102.499.361,261
CHE-102.501.199,198
CHE-102.590.300,879
CHE-102.613.993,5642
CHE-102.645.332,261
CHE-102.674.664,2701
CHE-102.725.439,261
CHE-102.829.027,2125
CHE-102.844.995,6621
CHE-102.884.380,5586
CHE-102.894.094,5606
CHE-102.906.484,1711
CHE-102.918.180,2053
CHE-102.974.149,939
CHE-102.979.129,261
CHE-102.980.368,5890
CHE-102.983.881,261
CHE-103.137.179,230
CHE-103.151.630,261
CHE-103.161.203,6621
CHE-103.168.702,6643
CHE-103.170.478,3231
CHE-103.235.385,6621
CHE-103.238.774,6621
CHE-103.238.952,6621
CHE-103.393.073,191
CHE-103.424.199,261
CHE-103.452.184,1372
CHE-103.469.500,261
CHE-103.475.245,261
CHE-103.478.976,1322
CHE-103.479.504,2701
CHE-103.506.839,356
CHE-103.519.492,6621
CHE-103.529.906,351
CHE-103.534.356,351
CHE-103.555.542,351
CHE-103.561.229,4032
CHE-103.572.871,1708
CHE-103.577.288,5586
CHE-103.580.184,261
CHE-103.610.520,3427
CHE-103.611.028,1322
CHE-103.613.688,5890
CHE-103.760.390,2701
CHE-103.770.603,5250
CHE-103.866.137,5192
CHE-103.876.302,351
CHE-103.880.077,6621
CHE-103.895.802,261
CHE-103.959.247,191
CHE-104.091.870,3203
CHE-104.191.997,261
CHE-104.397.990,3297
CHE-104.519.170,261
CHE-104.684.082,261
CHE-104.699.244,6621
CHE-104.826.519,5192
CHE-104.833.347,3203
CHE-104.850.506,1632
CHE-104.873.602,5210
CHE-104.897.809,5192
CHE-104.927.698,5586
CHE-104.941.959,261
CHE-105.148.372,2701
CHE-105.225.914,6621
CHE-105.241.600,261
CHE-105.350.525,351
CHE-105.457.092,2701
CHE-105.567.504,261
CHE-105.580.775,5192
CHE-105.597.899,6458
CHE-105.624.875,5642
CHE-105.631.680,261
CHE-105.640.727,261
CHE-105.649.390,261
CHE-105.732.105,5642
CHE-105.733.180,5586
CHE-105.734.529,5281
CHE-105.735.150,5401
CHE-105.735.954,5108
CHE-105.736.244,5192
CHE-105.737.019,5240
CHE-105.737.812,5221
CHE-105.738.059,5187
CHE-105.739.811,1372
CHE-105.740.197,1407
CHE-105.742.351,1631
CHE-105.742.871,2401
CHE-105.743.557,2428
CHE-105.744.108,1704
CHE-105.744.249,2473
CHE-105.744.410,1711
CHE-105.745.786,3001
CHE-105.746.159,2939
CHE-105.746.975,2503
CHE-105.747.584,198
CHE-105.749.519,69
CHE-105.751.284,86
CHE-105.751.858,62
CHE-105.751.870,53
CHE-105.754.176,121
CHE-105.754.302,294
CHE-105.754.845,6292
CHE-105.755.313,6297
CHE-105.756.755,563
CHE-105.757.571,6077
CHE-105.759.512,5938
CHE-105.760.194,6266
CHE-105.761.058,6421
CHE-105.761.495,5922
CHE-105.761.816,5831
CHE-105.762.342,6156
CHE-105.762.690,5586
CHE-105.763.241,6421
CHE-105.766.073,5586
CHE-105.766.446,5171
CHE-105.766.883,3901
CHE-105.767.500,3982
CHE-105.767.931,3851
CHE-105.769.373,3661
CHE-105.770.086,3032
CHE-105.770.198,4001
CHE-105.773.653,4461
CHE-105.773.943,4551
CHE-105.774.061,2581
CHE-105.774.718,4721
CHE-105.775.416,4696
CHE-105.775.534,4289
CHE-105.775.971,4641
CHE-105.776.433,4806
CHE-105.776.611,4313
CHE-105.776.775,4303
CHE-105.777.131,4841
CHE-105.778.053,4263
CHE-105.778.254,4142
CHE-105.778.685,4236
CHE-105.779.532,4201
CHE-105.779.779,4163
CHE-105.780.050,3444
CHE-105.780.179,4083
CHE-105.780.972,4080
CHE-105.783.249,4029
CHE-105.783.462,4073
CHE-105.783.611,3342
CHE-105.783.752,4033
CHE-105.784.272,3112
CHE-105.784.496,3395
CHE-105.785.099,4045
CHE-105.788.896,230
CHE-105.791.361,551
CHE-105.791.585,424
CHE-105.792.975,6757
CHE-105.793.644,581
CHE-105.794.282,6708
CHE-105.795.198,794
CHE-105.795.212,612
CHE-105.796.631,6800
CHE-105.796.743,2308
CHE-105.797.731,889
CHE-105.798.297,785
CHE-105.799.026,1008
CHE-105.799.894,1010
CHE-105.800.586,1030
CHE-105.800.882,1031
CHE-105.801.172,6730
CHE-105.803.159,1081
CHE-105.804.182,3379
CHE-105.804.443,3392
CHE-105.804.584,3293
CHE-105.805.342,3251
CHE-105.806.488,3253
CHE-105.807.306,3424
CHE-105.808.501,3443
CHE-105.810.314,1143
CHE-105.810.337,1151
CHE-105.810.946,3251
CHE-105.811.087,3274
CHE-105.812.402,2601
CHE-105.813.376,3340
CHE-105.814.217,2701
CHE-105.816.601,5317
CHE-105.816.647,5656
CHE-105.816.713,5002
CHE-105.817.374,6621
CHE-105.817.871,6621
CHE-105.818.184,261
CHE-105.819.226,6643
CHE-105.819.574,2228
CHE-105.820.778,2236
CHE-105.825.824,2771
CHE-105.827.668,3427
CHE-105.828.260,3238
CHE-105.828.389,2770
CHE-105.833.114,261
CHE-105.833.491,69
CHE-105.839.708,5192
CHE-105.839.849,131
CHE-105.840.858,261
CHE-105.841.220,261
CHE-105.841.533,261
CHE-105.841.970,942
CHE-105.843.199,6133
CHE-105.844.052,6118
CHE-105.844.922,4275
CHE-105.845.092,1061
CHE-105.845.117,2601
CHE-105.845.146,3203
CHE-105.845.229,2306
CHE-105.845.241,6266
CHE-105.845.287,4001
CHE-105.845.324,1061
CHE-105.845.376,1024
CHE-105.845.399,6785
CHE-105.845.465,371
CHE-105.848.682,902
CHE-105.848.736,2701
CHE-105.851.158,5192
CHE-105.851.431,5250
CHE-105.855.417,4001
CHE-105.860.714,6621
CHE-105.862.908,351
CHE-105.863.339,5477
CHE-105.866.088,2422
CHE-105.869.589,261
CHE-105.875.437,6621
CHE-105.879.582,3101
CHE-105.885.594,6110
CHE-105.887.400,3619
CHE-105.888.291,3271
CHE-105.890.299,6248
CHE-105.890.537,6297
CHE-105.905.558,261
CHE-105.905.618,6800
CHE-105.919.661,2601
CHE-105.923.680,6621
CHE-105.923.869,6621
CHE-105.927.749,69
CHE-105.927.761,6606
CHE-105.928.223,6621
CHE-105.928.677,261
CHE-105.931.231,141
CHE-105.931.834,843
CHE-105.932.756,616
CHE-105.933.773,2701
CHE-105.933.856,2701
CHE-105.933.879,261
CHE-105.933.968,261
CHE-105.934.287,942
CHE-105.934.376,5586
CHE-105.934.778,573
CHE-105.935.619,563
CHE-105.939.095,2701
CHE-105.940.833,261
CHE-105.943.429,434
CHE-105.944.759,351
CHE-105.947.172,261
CHE-105.951.133,261
CHE-105.951.914,261
CHE-105.952.629,6621
CHE-105.953.669,293
CHE-105.956.745,261
CHE-105.961.373,351
CHE-105.961.752,69
CHE-105.961.835,351
CHE-105.962.409,5192
CHE-105.962.616,5192
CHE-105.965.879,295
CHE-105.971.816,2465
CHE-105.974.772,957
CHE-105.978.563,855
CHE-105.978.847,6643
CHE-105.979.456,581
CHE-105.980.212,954
CHE-105.981.074,6621
CHE-105.985.830,2575
CHE-105.986.232,1509
CHE-105.986.893,4082
CHE-105.988.739,886
CHE-105.991.440,5724
CHE-105.991.724,6621
CHE-105.994.740,2904
CHE-105.997.170,261
CHE-105.997.193,3203
CHE-106.000.068,5724
CHE-106.002.386,6612
CHE-106.005.485,6643
CHE-106.011.072,6621
CHE-106.013.007,3834
CHE-106.013.059,261
CHE-106.032.588,6458
CHE-106.035.115,444
CHE-106.038.415,1201
CHE-106.040.702,6215
CHE-106.041.676,3746
CHE-106.047.561,5607
CHE-106.051.746,5002
CHE-106.059.297,603
CHE-106.059.386,4254
CHE-106.059.618,2787
CHE-106.062.738,2581
CHE-106.066.127,6621
CHE-106.083.195,1061
CHE-106.112.661,2125
CHE-106.128.449,5192
CHE-106.209.912,6621
CHE-106.240.804,261
CHE-106.242.884,6621
CHE-106.250.725,261
CHE-106.287.817,261
CHE-106.291.569,261
CHE-106.292.882,6253
CHE-106.369.125,261
CHE-106.386.052,5511
CHE-106.388.795,6621
CHE-106.398.836,261
CHE-106.409.931,6621
CHE-106.537.090,1322
CHE-106.588.963,261
CHE-106.606.319,6158
CHE-106.608.040,261
CHE-106.623.677,6621
CHE-106.698.250,230
CHE-106.778.073,5192
CHE-106.787.008,261
CHE-106.787.764,62
CHE-106.791.122,6621
CHE-106.802.033,5724
CHE-106.825.034,6621
CHE-106.827.464,6621
CHE-106.828.311,5518
CHE-106.842.854,2581
CHE-106.844.161,6621
CHE-106.850.753,5422
CHE-106.852.746,5428
CHE-106.863.342,5724
CHE-106.865.418,5724
CHE-106.865.559,5938
CHE-106.866.694,5872
CHE-106.870.827,5002
CHE-106.888.916,1205
CHE-106.891.433,1367
CHE-106.896.577,1322
CHE-106.899.587,1301
CHE-106.911.461,1709
CHE-106.911.679,131
CHE-106.912.590,1702
CHE-106.914.896,1707
CHE-106.920.980,2517
CHE-106.921.956,1711
CHE-106.923.984,2573
CHE-106.934.700,2495
CHE-106.935.467,2579
CHE-106.936.113,2513
CHE-106.949.222,292
CHE-106.957.807,155
CHE-106.974.852,5257
CHE-106.987.530,6153
CHE-106.995.618,6007
CHE-107.002.259,6253
CHE-107.005.453,6037
CHE-107.008.865,5266
CHE-107.030.379,5586
CHE-107.063.019,3023
CHE-107.070.539,1630
CHE-107.075.301,4008
CHE-107.089.668,4761
CHE-107.091.487,4566
CHE-107.096.384,4776
CHE-107.096.898,4781
CHE-107.099.514,4946
CHE-107.099.916,4305
CHE-107.110.883,4234
CHE-107.116.897,4169
CHE-107.126.364,243
CHE-107.132.850,3426
CHE-107.137.758,4401
CHE-107.138.870,3442
CHE-107.139.384,3444
CHE-107.139.562,4047
CHE-107.201.706,762
CHE-107.229.828,951
CHE-107.232.368,957
CHE-107.247.909,1058
CHE-107.247.915,1051
CHE-107.251.868,1040
CHE-107.256.328,3215
CHE-107.256.676,3214
CHE-107.257.061,3204
CHE-107.264.552,3407
CHE-107.264.782,3402
CHE-107.266.203,3352
CHE-107.280.054,1094
CHE-107.285.324,2773
CHE-107.288.475,3360
CHE-107.290.650,3315
CHE-107.293.625,3312
CHE-107.294.412,3231
CHE-107.297.876,3298
CHE-107.306.989,2701
CHE-107.307.569,2701
CHE-107.345.989,6621
CHE-107.354.735,261
CHE-107.390.010,261
CHE-107.402.972,261
CHE-107.405.918,261
CHE-107.487.767,3203
CHE-107.488.382,261
CHE-107.512.885,1711
CHE-107.536.101,261
CHE-107.592.039,939
CHE-107.593.205,6621
CHE-107.597.077,6621
CHE-107.625.673,261
CHE-107.642.200,261
CHE-107.738.998,4048
CHE-107.740.966,5254
CHE-107.742.735,261
CHE-107.743.999,6621
CHE-107.744.208,6621
CHE-107.746.733,6621
CHE-107.755.152,6621
CHE-107.755.867,2175
CHE-107.756.677,2294
CHE-107.756.789,2293
CHE-107.762.270,2262
CHE-107.780.919,2761
CHE-107.782.019,2762
CHE-107.809.836,351
CHE-107.811.342,351
CHE-107.820.424,261
CHE-107.825.858,261
CHE-107.826.214,261
CHE-107.837.703,261
CHE-107.846.174,261
CHE-107.848.173,261
CHE-107.857.189,5192
CHE-107.860.582,4021
CHE-107.865.119,3234
CHE-107.865.740,1059
CHE-107.866.521,1150
CHE-107.867.271,1136
CHE-107.867.294,1128
CHE-107.870.238,261
CHE-107.871.574,6607
CHE-107.885.300,5192
CHE-107.895.445,261
CHE-107.901.318,6621
CHE-107.907.048,356
CHE-107.913.652,2701
CHE-107.951.954,6621
CHE-107.963.868,6621
CHE-107.963.986,6621
CHE-107.968.802,261
CHE-107.990.061,351
CHE-107.993.131,6621
CHE-108.007.779,1061
CHE-108.040.788,261
CHE-108.064.659,291
CHE-108.138.915,5113
CHE-108.147.452,1711
CHE-108.174.265,5586
CHE-108.195.681,6621
CHE-108.219.324,261
CHE-108.236.357,5586
CHE-108.257.187,261
CHE-108.291.190,261
CHE-108.293.510,261
CHE-108.346.371,261
CHE-108.396.989,1061
CHE-108.410.135,261
CHE-108.422.977,1701
CHE-108.431.605,1701
CHE-108.477.352,6621
CHE-108.489.013,6621
CHE-108.493.078,3955
CHE-108.494.132,6136
CHE-108.498.288,5590
CHE-108.540.364,6608
CHE-108.550.032,3340
CHE-108.551.600,1061
CHE-108.585.421,3231
CHE-108.624.972,1321
CHE-108.631.883,2701
CHE-108.644.495,261
CHE-108.645.201,5724
CHE-108.673.019,261
CHE-108.676.271,6621
CHE-108.688.908,351
CHE-108.751.694,2829
CHE-108.753.322,3561
CHE-108.784.995,880
CHE-108.918.882,351
CHE-108.920.330,3619
CHE-108.954.429,1372
CHE-108.954.458,4946
CHE-108.954.464,1372
CHE-108.954.470,2829
CHE-108.954.493,2701
CHE-108.954.553,6458
CHE-108.954.576,2196
CHE-108.954.599,3901
CHE-108.954.607,261
CHE-108.954.636,5002
CHE-108.954.642,1407
CHE-108.954.665,1201
CHE-108.954.671,2939
CHE-108.954.694,1509
CHE-108.954.702,3101
CHE-108.954.719,1632
CHE-108.955.216,351
CHE-108.955.601,2920
CHE-109.023.479,261
CHE-109.028.301,4411
CHE-109.031.349,3339
CHE-109.036.648,261
CHE-109.042.436,2937
CHE-109.103.776,261
CHE-109.106.869,1632
CHE-109.284.614,1701
CHE-109.346.830,2701
CHE-109.360.617,6621
CHE-109.374.298,261
CHE-109.409.991,261
CHE-109.427.061,261
CHE-109.435.209,261
CHE-109.435.534,1711
CHE-109.455.212,261
CHE-109.493.359,6621
CHE-109.518.462,6621
CHE-109.563.959,5724
CHE-109.604.050,6621
CHE-109.604.788,3203
CHE-109.617.147,261
CHE-109.689.514,261
CHE-109.849.031,351
CHE-109.849.108,1702
CHE-109.870.410,261
CHE-109.870.568,5192
CHE-109.904.055,5589
CHE-109.910.989,261
CHE-110.042.526,6621
CHE-110.043.603,356
CHE-110.061.297,261
CHE-110.063.712,261
CHE-110.090.028,6621
CHE-110.110.174,261
CHE-110.126.005,2939
CHE-110.153.901,1322
CHE-110.185.321,3340
CHE-110.206.124,293
CHE-110.216.335,3001
CHE-110.312.832,5586
CHE-110.356.568,261
CHE-110.358.455,1322
CHE-110.360.593,261
CHE-110.364.148,1711
CHE-110.365.840,6628
CHE-110.502.278,6621
CHE-110.504.840,5192
CHE-110.507.270,261
CHE-110.534.686,261
CHE-110.589.003,261
CHE-110.615.793,261
CHE-110.617.444,261
CHE-111.703.543,261
CHE-111.708.204,6621
CHE-111.714.423,261
CHE-111.733.596,1711
CHE-111.736.399,261
CHE-111.754.842,261
CHE-111.758.320,261
CHE-111.788.255,6621
CHE-112.019.863,261
CHE-112.045.286,1711
CHE-112.086.322,6630
CHE-112.118.206,1711
CHE-112.138.195,5210
CHE-112.160.680,6621
CHE-112.212.153,6643
CHE-112.265.758,261
CHE-112.290.992,6621
CHE-112.309.580,5586
CHE-112.320.133,1711
CHE-112.324.390,5886
CHE-112.340.348,6621
CHE-112.362.976,1711
CHE-112.405.290,261
CHE-112.444.775,6621
CHE-112.445.177,3342
CHE-112.471.588,5192
CHE-112.490.522,261
CHE-112.638.115,1344
CHE-112.644.417,69
CHE-112.655.711,1711
CHE-112.680.620,6621
CHE-112.691.606,1711
CHE-112.728.379,6621
CHE-112.731.795,6628
CHE-112.734.090,6621
CHE-112.763.163,261
CHE-112.772.156,2228
CHE-112.786.371,1711
CHE-112.823.960,261
CHE-112.828.360,261
CHE-112.915.378,5724
CHE-113.033.311,1711
CHE-113.045.768,1711
CHE-113.083.059,6621
CHE-113.175.951,6621
CHE-113.199.727,6621
CHE-113.216.633,261
CHE-113.273.855,261
CHE-113.315.761,247
CHE-113.322.100,5724
CHE-113.325.618,261
CHE-113.328.982,295
CHE-113.405.105,2701
CHE-113.435.632,261
CHE-113.442.081,1711
CHE-113.511.345,2701
CHE-113.553.326,6621
CHE-113.571.100,1068
CHE-113.650.403,261
CHE-113.664.871,1322
CHE-113.703.198,5210
CHE-113.721.701,6621
CHE-113.737.027,351
CHE-113.757.610,1322
CHE-113.776.872,1322
CHE-113.787.893,5591
CHE-113.800.861,261
CHE-113.829.534,261
CHE-113.840.346,6621
CHE-113.856.442,1701
CHE-113.880.914,261
CHE-113.886.644,5886
CHE-113.912.164,5586
CHE-113.939.878,261
CHE-113.991.376,261
CHE-113.999.952,261
CHE-114.008.149,6621
CHE-114.084.185,261
CHE-114.126.582,6621
CHE-114.148.342,5586
CHE-114.151.137,1711
CHE-114.153.946,1711
CHE-114.254.814,1711
CHE-114.268.928,261
CHE-114.274.892,1321
CHE-114.280.237,608
CHE-114.281.490,261
CHE-114.345.871,261
CHE-114.362.415,261
CHE-114.370.426,1322
CHE-114.433.699,261
CHE-114.443.396,261
CHE-114.447.388,1711
CHE-114.480.629,4566
CHE-114.502.001,261
CHE-114.523.859,261
CHE-114.527.099,5210
CHE-114.527.461,261
CHE-114.542.325,1711
CHE-114.559.366,1711
CHE-114.573.395,2787
CHE-114.583.749,351
CHE-114.604.245,5210
CHE-114.607.829,261
CHE-114.631.609,5724
CHE-114.665.353,6621
CHE-114.705.515,5192
CHE-114.755.950,351
CHE-114.863.491,1322
CHE-114.915.142,1711
CHE-114.948.963,261
CHE-114.956.939,6621
CHE-114.960.740,261
CHE-115.000.067,1711
CHE-115.012.662,1711
CHE-115.035.338,261
CHE-115.101.076,261
CHE-115.116.103,261
CHE-115.141.153,1707
CHE-115.154.782,5606
CHE-115.159.785,161
CHE-115.256.141,261
CHE-115.260.728,6621
CHE-115.273.895,261
CHE-115.295.655,261
CHE-115.542.546,261
CHE-115.589.772,6621
CHE-115.600.770,261
CHE-115.601.054,1711
CHE-115.625.913,261
CHE-115.661.837,1711
CHE-115.680.361,6621
CHE-115.685.619,6608
CHE-115.758.201,1711
CHE-115.776.920,261
CHE-115.846.644,261
CHE-115.858.877,5590
CHE-115.886.589,261
CHE-115.905.353,261
CHE-115.963.741,261
CHE-116.012.506,5192
CHE-116.062.059,261
CHE-130.685.101,6621
CHE-131.004.000,261
CHE-132.312.220,6621
CHE-134.733.288,261
CHE-135.006.363,1322
CHE-138.562.844,1708
CHE-139.134.422,1711
CHE-141.784.032,6621
CHE-142.302.588,1322
CHE-142.648.785,261
CHE-144.234.816,6621
CHE-149.924.621,1711
CHE-151.766.231,5586
CHE-152.191.681,6608
CHE-153.236.458,6621
CHE-153.626.718,261
CHE-153.813.746,1711
CHE-154.540.195,261
CHE-157.803.391,1711
CHE-157.870.447,261
CHE-158.267.609,261
CHE-158.527.213,2829
CHE-160.414.417,3033
CHE-165.613.042,351
CHE-167.407.714,261
CHE-170.449.630,6621
CHE-175.964.129,2701
CHE-179.959.647,5250
CHE-180.213.543,6136
CHE-182.336.501,230
CHE-185.144.777,1711
CHE-186.942.876,6621
CHE-189.544.733,1711
CHE-189.857.327,261
CHE-190.551.361,261
CHE-191.510.749,261
CHE-191.546.434,261
CHE-191.610.836,5192
CHE-191.743.207,351
CHE-193.325.370,261
CHE-197.184.648,261
CHE-198.418.197,6621
CHE-202.031.627,6616
CHE-202.386.390,6621
CHE-203.530.270,261
CHE-203.922.687,2701
CHE-204.370.626,261
CHE-204.829.292,1372
CHE-204.999.416,261
CHE-207.910.128,6621
CHE-208.420.849,5192
CHE-210.773.524,261
CHE-211.499.314,6621
CHE-211.793.771,1711
CHE-212.132.359,6621
CHE-216.367.660,6621
CHE-220.128.271,261
CHE-221.679.757,135
CHE-223.508.210,1701
CHE-223.636.405,5167
CHE-224.218.186,261
CHE-224.994.899,1711
CHE-226.184.032,1711
CHE-226.487.892,2701
CHE-226.650.413,154
CHE-229.198.585,1061
CHE-229.709.787,261
CHE-230.664.884,2701
CHE-231.231.370,1322
CHE-231.455.231,5192
CHE-236.100.982,1701
CHE-239.257.048,261
CHE-239.278.702,261
CHE-239.851.932,1711
CHE-240.744.881,6621
CHE-241.043.166,3238
CHE-241.062.519,6037
CHE-245.534.747,6621
CHE-246.118.216,1701
CHE-249.602.477,261
CHE-251.887.390,1711
CHE-255.397.920,1701
CHE-256.014.995,261
CHE-256.358.348,1701
CHE-257.549.655,261
CHE-259.290.267,6621
CHE-263.580.159,261
CHE-264.893.307,261
CHE-266.268.149,261
CHE-267.171.222,261
CHE-268.729.084,5724
CHE-274.174.680,6621
CHE-275.790.315,362
CHE-277.421.573,6621
CHE-277.882.945,2701
CHE-277.931.880,261
CHE-278.590.480,351
CHE-281.560.249,261
CHE-283.756.705,6621
CHE-283.921.335,261
CHE-286.598.153,5192
CHE-288.787.653,1322
CHE-292.416.993,261
CHE-294.570.197,3340
CHE-300.472.547,6621
CHE-300.497.872,261
CHE-301.868.592,6613
CHE-302.718.268,2701
CHE-303.215.656,362
CHE-305.803.249,6633
CHE-307.207.124,261
CHE-308.974.203,261
CHE-309.793.472,1322
CHE-310.721.982,261
CHE-313.003.096,1061
CHE-317.493.049,2196
CHE-319.242.185,6621
CHE-319.278.504,3203
CHE-321.604.820,1322
CHE-323.869.134,1061
CHE-324.113.240,6621
CHE-324.334.574,1701
CHE-326.799.228,6608
CHE-330.876.702,1061
CHE-332.465.020,261
CHE-335.160.781,261
CHE-335.917.194,261
CHE-336.027.015,1711
CHE-336.839.846,2770
CHE-337.375.281,6621
CHE-338.530.584,261
CHE-339.069.458,6621
CHE-340.963.099,261
CHE-342.401.984,2765
CHE-342.530.475,261
CHE-345.123.764,2701
CHE-349.498.861,261
CHE-359.111.589,1711
CHE-360.954.979,4566
CHE-362.135.952,1711
CHE-362.360.696,6621
CHE-363.418.453,1711
CHE-366.189.869,5192
CHE-366.232.175,1322
CHE-367.857.001,6621
CHE-370.643.831,261
CHE-371.450.536,261
CHE-371.998.840,261
CHE-372.264.249,261
CHE-374.764.043,261
CHE-376.585.439,261
CHE-376.837.865,6630
CHE-378.840.648,6621
CHE-383.974.616,261
CHE-384.763.602,2701
CHE-386.702.528,6621
CHE-386.801.395,261
CHE-387.043.036,261
CHE-387.161.724,1711
CHE-390.250.216,6621
CHE-392.342.935,261
CHE-393.748.033,5192
CHE-394.355.222,261
CHE-394.620.967,5250
CHE-395.037.517,1711
CHE-401.650.289,261
CHE-402.587.854,261
CHE-402.707.584,1711
CHE-403.429.146,6621
CHE-403.777.179,261
CHE-403.795.970,1322
CHE-404.377.718,1701
CHE-404.931.690,5192
CHE-406.859.974,2939
CHE-410.132.912,161
CHE-411.607.071,261
CHE-412.669.376,261
CHE-417.334.701,261
CHE-418.060.386,1711
CHE-418.700.694,5586
CHE-418.782.812,5192
CHE-423.409.715,6621
CHE-425.859.578,1711
CHE-426.426.294,261
CHE-426.554.331,1322
CHE-427.312.055,6621
CHE-427.477.897,351
CHE-427.910.405,261
CHE-428.242.842,261
CHE-433.965.277,261
CHE-434.446.643,1711
CHE-434.721.619,230
CHE-437.374.916,261
CHE-438.042.411,5586
CHE-438.063.057,1701
CHE-441.817.704,261
CHE-442.720.036,6621
CHE-443.232.242,261
CHE-443.279.261,261
CHE-446.173.699,261
CHE-452.326.623,6621
CHE-453.272.757,6621
CHE-453.356.087,261
CHE-454.147.623,351
CHE-456.046.447,1323
CHE-457.582.576,4001
CHE-458.444.988,261
CHE-459.212.593,141
CHE-462.966.439,261
CHE-463.326.716,5192
CHE-464.100.327,1061
CHE-464.209.728,5586
CHE-464.874.825,4095
CHE-465.511.874,6621
CHE-465.851.850,5586
CHE-467.773.617,1711
CHE-469.335.062,6621
CHE-469.632.850,5721
CHE-474.767.591,261
CHE-476.179.554,1711
CHE-476.922.891,1322
CHE-477.973.974,6621
CHE-478.814.798,261
CHE-479.150.765,1701
CHE-479.571.693,261
CHE-485.125.244,261
CHE-485.152.086,1702
CHE-486.805.376,261
CHE-489.219.513,261
CHE-490.791.642,5192
CHE-493.493.193,1701
CHE-493.784.532,261
CHE-495.377.907,261
CHE-495.966.529,6621
CHE-496.361.984,6621
CHE-497.365.186,261
CHE-497.642.724,6608
CHE-498.029.609,261
CHE-498.968.022,5707
